FIPS,svi_US,svi_TX
48001,0.8428,0.7075
48003,0.6419,0.6087
48005,0.9889,0.9289
48007,0.9376,0.4783
48009,0.2301,0.0395
48011,0.1356,0.0079
48013,0.7877,0.8063
48015,0.7613,0.4111
48017,0.7928,0.7036
48019,0.6104,0.2292
48021,0.8008,0.6047
48023,0.3087,0.1462
48025,0.9472,0.7747
48027,0.9214,0.6877
48029,0.92490000000000006,0.7589
48031,0.3297,0.0277
48033,0.3396,0.0119
48035,0.6486,0.249
48037,0.8581,0.5929
48039,0.6174,0.2727
48041,0.8132,0.4269
48043,0.7849,0.3281
48045,0.5197,0.3913
48047,0.9764,0.8577
48049,0.7855,0.6443
48051,0.5226,0.2055
48053,0.6076,0.2767
48055,0.9055,0.8261
48057,0.7393,0.4229
48059,0.2778,0.0791
48061,0.9828,0.9723
48063,0.8717,0.8103
48065,0.0379,0.004
48067,0.8393,0.5217
48069,0.8409,0.6917
48071,0.4742,0.1304
48073,0.9494,0.9051
48075,0.718,0.5296
48077,0.2295,0.0237
48079,0.9026,0.8893
48081,0.4924,0.2648
48083,0.6117,0.3992
48085,0.2931,0.0711
48087,0.9624,0.7312
48089,0.7339,0.498
48091,0.2992,0.0514
48093,0.6913,0.4308
48095,0.4987,0.5731
48097,0.6394,0.3202
48099,0.816,0.4348
48101,0.8651,0.3557
48103,0.6388,0.6285
48105,0.7027,0.2372
48107,0.9278,0.8814
48109,0.985,0.7391
48111,0.6305,0.5138
48113,0.8899,0.8142
48115,0.9908,0.9209
48117,0.7654,0.6798
48119,0.3504,0.087
48121,0.3447,0.0949
48123,0.874,0.581
48125,0.8829,0.3874
48127,1,0.996
48129,0.3383,0.1146
48131,0.9825,0.9407
48133,0.8237,0.4901
48135,0.8985,0.9091
48137,0.6735,0.5889
48139,0.5334,0.2095
48141,0.9803,0.9565
48143,0.7998,0.4585
48145,0.9905,0.83
48147,0.5681,0.2451
48149,0.4535,0.1502
48151,0.2441,0.1225
48153,0.7616,0.6996
48155,0.6881,0.336
48157,0.4513,0.1542
48159,0.4309,0.0632
48161,0.8472,0.4387
48163,0.9838,0.913
48165,0.7584,0.6403
48167,0.7352,0.3715
48169,0.6359,0.5968
48171,0.5923,0.3834
48173,0.352,0.1067
48175,0.543,0.1976
48177,0.8867,0.8419
48179,0.7759,0.6482
48181,0.6741,0.3083
48183,0.9128,0.6008
48185,0.8749,0.668
48187,0.5331,0.1818
48189,0.9313,0.8696
48191,0.9045,0.7115
48193,0.5882,0.2609
48195,0.7638,0.2846
48197,0.6445,0.1383
48199,0.4889,0.2964
48201,0.8953,0.834
48203,0.8959,0.6601
48205,0.5964,0.1779
48207,0.9386,0.6206
48209,0.6585,0.2885
48211,0.6941,0.3399
48213,0.859,0.5771
48215,0.9882,0.9763
48217,0.8781,0.585
48219,0.9395,0.8221
48221,0.4545,0.1581
48223,0.6801,0.4664
48225,0.9465,0.7787
48227,0.9096,0.6482
48229,0.9997,0.9881
48231,0.8842,0.6166
48233,0.45,0.1028
48235,0.3746,0.1186
48237,0.8167,0.7628
48239,0.7645,0.5692
48241,0.9424,0.6561
48243,0.6044,0.2016
48245,0.9554,0.8617
48247,0.9679,0.5375
48249,0.8628,0.9012
48251,0.6108,0.3241
48253,0.6362,0.3597
48255,0.8469,0.8419
48257,0.7008,0.3636
48259,0.2244,0.0672
48261,0.6649,0.5336
48263,0.1731,0.0751
48265,0.7842,0.4071
48267,0.627,0.1739
48269,0.3215,0.1897
48271,0.7132,0.415
48273,0.9876,0.92490000000000006
48275,0.7339,0.3755
48277,0.8523,0.5534
48279,0.8848,0.7866
48281,0.7002,0.2806
48283,0.8679,0.8933
48285,0.5812,0.1621
48287,0.7031,0.4743
48289,0.7295,0.3518
48291,0.9787,0.9486
48293,0.9414,0.751
48295,0.6505,0.6324
48297,0.7995,0.7866
48299,0.6652,0.2411
48301,0.1334,0.3794
48303,0.8269,0.4506
48305,0.8345,0.502
48307,0.7782,0.5613
48309,0.9144,0.6126
48311,0.7202,0.6838
48313,0.832,0.7194
48315,0.7043,0.3439
48317,0.3931,0.3043
48319,0.4373,0.0553
48321,0.9341,0.8775
48323,0.9822,0.9802
48325,0.7463,0.4704
48327,0.7702,0.7312
48329,0.6614,0.5059
48331,0.8806,0.5257
48333,0.5993,0.1107
48335,0.5656,0.5573
48337,0.6776,0.2134
48339,0.5293,0.166
48341,0.8001,0.8538
48343,0.7915,0.4427
48345,0.4446,0.0435
48347,0.9965,0.917
48349,0.958,0.9368
48351,0.8596,0.7273
48353,0.9707,0.8735
48355,0.9233,0.7708
48357,0.8109,0.7826
48359,0.1528,0.0988
48361,0.6206,0.2925
48363,0.7887,0.4941
48365,0.6954,0.4466
48367,0.3116,0.0474
48369,0.5748,0.5652
48371,0.9115,0.7628
48373,0.9453,0.7233
48375,0.9774,0.9526
48377,0.9994,0.9842
48379,0.4115,0.1344
48381,0.3584,0.0593
48383,0.4936,0.1937
48385,0.8106,0.4862
48387,0.6509,0.3992
48389,0.9042,0.8972
48391,0.929,0.7549
48393,0.1139,0
48395,0.8568,0.5415
48397,0.1407,0.0198
48399,0.543,0.166
48401,0.7979,0.4625
48403,0.5239,0.3162
48405,0.9389,0.8854
48407,0.7231,0.6245
48409,0.9201,0.8024
48411,0.7763,0.3123
48413,0.7069,0.3676
48415,0.7699,0.2332
48417,0.7416,0.1423
48419,0.9596,0.7984
48421,0.4198,0.3478
48423,0.8189,0.5494
48425,0.5481,0.1858
48427,0.986,0.9921
48429,0.9589,0.8182
48431,0.2511,0.0356
48433,0.4962,0.1265
48435,0.7495,0.6759
48437,0.9796,0.7945
48439,0.7476,0.5178
48441,0.7696,0.332
48443,0.162,0.0158
48445,0.987,0.9447
48447,0.402,0.0316
48449,0.8724,0.8656
48451,0.8262,0.4545
48453,0.578,0.2688
48455,0.9198,0.6719
48457,0.9131,0.664
48459,0.6932,0.2569
48461,0.501,0.5455
48463,0.9885,0.9605
48465,0.9866,0.9328
48467,0.5792,0.2213
48469,0.8883,0.6957
48471,0.8412,0.7154
48473,0.8526,0.6364
48475,0.7314,0.4822
48477,0.7619,0.2253
48479,0.9771,0.9684
48481,0.951,0.8379
48483,0.8138,0.7431
48485,0.8285,0.419
48487,0.9402,0.747
48489,0.9605,0.9644
48491,0.3444,0.083
48493,0.4036,0.0909
48495,0.5668,0.3004
48497,0.585,0.253
48499,0.7056,0.3953
48501,0.4831,0.5099
48503,0.5391,0.2174
48505,0.9962,1
48507,0.9357,0.8498
